{
                "layer_1_size":[64],
                "layer_2_size":[64],
                "has_third_layer":[false],
		"epsilon": [0.05, 0.1, 0.2],
                "learning_rate":[0.01, 0.005, 0.001, 0.0005, 0.0001, 0.00005, 0.00001],
		"steps_per_update":[1, 3, 5],
		"sigma":[0.5, 0.5, 0.5, 0.25, 0.75]
}

