{
                "layer_1_size":[16, 32, 64, 128],
                "layer_2_size":[16, 32, 64],
                "has_third_layer":[true, false],
		"epsilon": [0.05, 0.1, 0.2],
                "learning_rate":[0.005, 0.001, 0.0005, 0.0001, 0.00005, 0.00001],
		"steps_per_update":[1, 3, 5],
		"sigma0":[0.3, 0.5, 0.7]
}

